<?xml version="1.0" encoding="utf-8"?>
<feed xmlns="http://www.w3.org/2005/Atom"
    xmlns:rdf="http://www.w3.org/1999/02/22-rdf-syntax-ns#"
    xmlns:leap2="http://terms.leapspecs.org/"
    xmlns:categories="http://wiki.leapspecs.org/2A/categories/"
    xmlns:portfolio="https://eportfolio.u-pec.fr/export/leap/3539/1663572465/"
    xmlns:mahara="http://wiki.mahara.org/Developer_Area/Import%2F%2FExport/LEAP_Extensions#"
>
    <leap2:version>http://www.leapspecs.org/2010-07/2A/</leap2:version>
    <id>https://eportfolio.u-pec.fr/export/3539/1663572465</id>
    <title>Mahara Leap2A Export for Celyane BAGTACHE, 19/09/2022 09:27</title>
    <updated>2022-09-19T09:09:45+02:00</updated>
    <generator uri="https://mahara.org/" version="2008122400">Mahara</generator>
    <author>
        <name>Celyane BAGTACHE</name>
        <email>celyane.bagtache@etu.u-pec.fr</email>
        <uri>portfolio:artefactinternal</uri>
    </author>

    <entry>
        <title> Découverte de Mahara</title>
        <id>portfolio:view30603</id>

        <updated>2022-09-19T09:09:22+02:00</updated>
        <published>2022-09-19T09:09:55+02:00</published>

        <summary type="xhtml"><div xmlns="http://www.w3.org/1999/xhtml"><div>Mes premiers pas sur Mahara</div></div></summary>

   <subtitle type="xhtml"><div xmlns="http://www.w3.org/1999/xhtml"><div></div></div></subtitle>
        <content type="xhtml"><div xmlns="http://www.w3.org/1999/xhtml"><div><div id="user_block_131275"><div class="bt-text gridstackblock card card-secondary clearfix" id="user_blockinstance_131275">
    
    
        <div class="block-header quick-edit d-none">
    <a class="modal_link list-group-heading" href="#" title="Édition rapide">
        <span class="icon icon-pencil-alt" title="Édition rapide"></span>
        Édition rapide
    </a>
</div>

    
    
        <h2 class="title card-header js-heading">
            

            <span class="collapse-inline">
                Bloc n°1
                
            </span>

            

        </h2>
    

    <div class="block" id="user_blockinstance_131275_target">
        
        
            

<div class="textblock card-body flush">
<p>Premier bloc de ma page "<span id="user_page24R_mcid13" class="markedContent"><span dir="ltr" style="font-size:18.3px;font-family:sans-serif;">Découverte de Mahara"</span></span></p>
</div>


        
    </div>
</div>
</div><div id="user_block_131297"><div class="bt-image gridstackblock card card-secondary clearfix" id="user_blockinstance_131297">
    
        <div class="block-header d-none">
    
        <a class="commentlink" href="#" title="">
        
            
                <span class="icon icon-plus" title="Commentaires et les détails"></span>
                Ajouter un commentaire
                <span class="bh-margin-left icon icon-search-plus"></span>
                Détails
            
        
        </a>
    
</div>

    
    
    
        <h2 class="title card-header js-heading">
            

            <span class="collapse-inline">
                Bloc n°2
                
            </span>

            

        </h2>
    

    <div class="block" id="user_blockinstance_131297_target">
        
        
            <div class="imageblock card-body">
    <div class="image">
        
        <a class="modal_link" href="#">
            <img rel="leap2:has_part" href="portfolio:artefact86021" alt="images.png" title="images.png" />
        </a>
        
    </div>

    
</div>

        
    </div>
</div>
</div></div></div></content>
        <rdf:type rdf:resource="leap2:selection"/>

        <link rel="leap2:has_part" href="portfolio:artefact86021"/>


        <category term="Webpage" scheme="categories:selection_type#"/>





        <mahara:view mahara:newlayout="1" mahara:type="portfolio" mahara:ownerformat="6">
        
            
            <mahara:blockinstance mahara:blocktype="text" mahara:blocktitle="Bloc n°1" mahara:positionx="0" mahara:positiony="0" mahara:height="9" mahara:width="4">
                
                    
                    <mahara:text>[&quot;&lt;p&gt;Premier bloc de ma page \&quot;&lt;span id=\&quot;user_page24R_mcid13\&quot; class=\&quot;markedContent\&quot;&gt;&lt;span dir=\&quot;ltr\&quot; style=\&quot;font-size: 18.3px; font-family: sans-serif;\&quot;&gt;D&amp;eacute;couverte de Mahara\&quot;&lt;\/span&gt;&lt;\/span&gt;&lt;\/p&gt;&quot;]</mahara:text>
                    
                
                    
                    <mahara:instructions></mahara:instructions>
                    
                
                
                
            </mahara:blockinstance>
            
            <mahara:blockinstance mahara:blocktype="image" mahara:blocktitle="Bloc n°2" mahara:positionx="4" mahara:positiony="0" mahara:height="22" mahara:width="3">
                
                    
                    <mahara:artefactid>[&quot;portfolio:artefact86021&quot;]</mahara:artefactid>
                    
                
                    
                    <mahara:showdescription>[false]</mahara:showdescription>
                    
                
                    
                    <mahara:width>[&quot;&quot;]</mahara:width>
                    
                
                    
                    <mahara:retractable>[0]</mahara:retractable>
                    
                
                    
                    <mahara:retractedonload>[0]</mahara:retractedonload>
                    
                
                
                
            </mahara:blockinstance>
            
        
        </mahara:view>
    </entry>

    <entry>
        <title>images.png</title>
        <id>portfolio:artefact86021</id>

        <updated>2022-09-19T09:09:21+02:00</updated>
        <published>2022-09-19T09:09:21+02:00</published>




        <content type="xhtml"><div xmlns="http://www.w3.org/1999/xhtml"><div></div></div></content>
        <rdf:type rdf:resource="leap2:resource"/>
        <mahara:artefactplugin mahara:type="image" mahara:plugin="file"/>
        <link rel="enclosure" type="image/png" href="export_info/files/86021-images.png"/>
        <link rel="leap2:is_part_of" href="portfolio:view30603"/>


        <category term="Offline" scheme="categories:resource_type#" label="File"/>




    </entry>


</feed>
